,padj_TCTnvsB6Tn,padj_TCTfhvsB6Tfh,padj_B6TfhvsB6Tn,padj_TCTfhvsTCTn,log2FoldChange_TCTnvsB6Tn,log2FoldChange_TCTfhvsB6Tfh,log2FoldChange_B6TfhvsB6Tn,log2FoldChange_TCTfhvsTCTn
Aldh2,4.36e-05,4.5999999999999995e-08,3.579999999999999e-29,4.26e-27,-0.6720585459999999,-1.043983468,-1.6408047069999998,-2.012729479
Mapk3,0.043448995,0.029883155,1.4300000000000002e-05,0.000466094,-0.22536804800000002,-0.237964258,0.39479952799999996,0.38220336299999996
Ercc1,0.00089663,0.00018810599999999998,0.9134530829999999,0.70173759,0.293075084,0.32569802,0.0,0.0
Ercc2,2.72e-09,0.010249862,0.212096166,3.5499999999999996e-05,0.504083104,0.23769454,0.0,-0.374941869
Casp6,9.769999999999999e-09,1.77e-06,1.4199999999999998e-12,4.79e-07,-0.45781249399999996,-0.422854292,-0.49650017700000004,-0.461541945
Prdx4,0.025351399,0.018170705,0.002467534,0.017115519,-0.39693043899999997,-0.40126174,0.43842477700000004,0.434093554
Chchd4,5.27e-05,0.0036745370000000003,0.287717149,0.060982522000000004,-0.5798921429999999,-0.41595399899999996,0.0,0.0
Gstp1,1.34e-07,3.32e-06,0.948846693,0.6377236510000001,-0.5721500270000001,-0.510322553,0.0,0.0
Akr1b3,3.22e-09,5.33e-06,0.748805035,0.49149486299999995,-0.40030918,-0.314904698,0.0,0.0
Hdac6,0.0034177409999999997,0.016104827,0.001036611,0.02381056,0.29521655399999996,0.242250303,0.290146508,0.237180298
Gskip,3.5e-12,2.37e-07,1.38e-16,4.22e-18,-0.619856081,-0.422970905,0.595003135,0.791888337
Mill2,0.0073317519999999995,3.27e-22,0.00012877600000000002,2.49e-18,3.498104855,4.023844219,4.407627691,4.933367098
Sirt1,0.035919094,0.000347986,2.4300000000000003e-20,1.49e-10,0.136583015,0.23397492,-0.503972595,-0.40658067
Mcl1,0.017637023999999998,1.54e-08,8.880000000000001e-13,1.67e-20,-0.175051255,-0.39399649299999995,-0.43760118299999995,-0.656546387
Prdx2,1.77e-14,8.070000000000001e-17,4.91e-09,1.7899999999999998e-05,-0.655630615,-0.6988188320000001,0.441289537,0.398101349
Mapkap1,0.0014761210000000002,0.0009878410000000002,0.000735455,0.007116489,-0.262624436,-0.267846823,0.240712457,0.235490098
Nr4a2,0.012559711999999999,5.47e-08,3.7999999999999996e-16,1.3e-22,0.988763573,1.7605610230000002,2.599862313,3.3716598889999996
Ndufs2,2.88e-24,1.7299999999999998e-18,0.003741006,0.250012899,-0.454856982,-0.400123733,-0.120675694,0.0
Tsc1,0.00482499,0.0005197040000000001,0.5400071479999999,0.998118818,0.214791452,0.261468987,0.0,0.0
Ucp2,9.47e-15,3.3100000000000004e-09,2.16e-33,2.4899999999999998e-33,-0.453041791,-0.351466846,0.6260823870000001,0.727657352
Rhob,0.011137741000000001,5.63e-10,0.758039748,0.00032098099999999997,1.02159357,2.33238215,0.0,1.4449524919999999
Rps3,1.19e-10,1.6e-09,2.81e-65,6.11e-47,-0.557962327,-0.531448468,-1.305144152,-1.278630231
Aqp1,0.261369886,0.023902062999999998,0.21859413600000002,1.0,0.0,-4.717142044,0.0,0.0
Txn1,7.780000000000001e-12,4.2899999999999995e-11,3.1300000000000003e-18,2.83e-14,-0.5424279120000001,-0.501212093,0.585160941,0.626376784
Gfer,1.62e-06,0.047368920999999994,7.970000000000001e-07,0.13953418,-0.47608454200000005,-0.225967241,-0.430323314,0.0
Aifm1,0.00572156,0.0342324,0.7165439570000001,0.42833848399999996,-0.244505295,-0.19344589199999998,0.0,0.0
Park7,2.52e-13,2.06e-12,0.072464559,0.206034678,-0.50950166,-0.49729999700000005,0.0,0.0
Rnf7,0.008321402,8.53e-05,0.5299354270000001,0.6765610870000001,-0.31156056,-0.450301705,0.0,0.0
Mctp1,0.000223088,1.94e-20,1.9499999999999999e-56,1.31e-10,-3.6076662919999998,-2.578959967,4.843279385,5.871978486000001
Cst3,4.13e-08,0.000295153,2.47e-13,1.6899999999999999e-15,-0.561387289,-0.36330216299999996,0.633620145,0.831705307
Capn1,0.34019431,0.029967797999999997,0.916936965,0.273345007,0.0,-0.131918533,0.0,0.0
Hmox2,8.269999999999999e-16,0.000734634,0.024023586,0.044290427,-0.635454923,-0.281508143,-0.167730881,0.186215928
Thbs1,0.8007602340000001,1.05e-11,1.6899999999999999e-12,0.006265636,0.0,-4.543255708999999,7.892613149,4.024300714
mt-Nd1,2.1100000000000003e-17,0.010942361000000001,0.119264682,0.000166402,-0.803430485,-0.264889678,0.0,0.39004444299999996
Nfe2l2,0.061948775,0.027672546,1e-75,5.26e-58,0.0,-0.18428214199999998,-1.166474078,-1.20496196
Aifm2,0.7407618690000001,0.010640586,1.45e-19,3.25e-15,0.0,0.712223725,5.803562891,7.056149700000001
Pnkp,0.063340158,0.018970281000000002,0.784608553,0.909057551,0.0,-0.171994012,0.0,0.0
Brf2,0.13137997,0.021826777000000002,0.275851134,0.81487246,0.0,-0.312040292,0.0,0.0
Romo1,8.93e-08,4.5700000000000006e-08,0.065399906,0.094837937,-0.69970263,-0.73842153,0.0,0.0
Ankzf1,2.7600000000000004e-09,4.33e-05,0.189466635,0.7756935340000001,0.545290249,0.38626592299999996,0.0,0.0
Lcn2,0.207516654,0.013579821,0.179014372,1.0,0.0,-5.139222446000001,0.0,0.0
Il10,0.01906266,1.0800000000000002e-09,8.35e-13,2.04e-27,2.364734258,2.281321615,5.811799128,5.72838606
Chd6,0.205479197,0.0011148660000000002,0.389441201,0.417584112,0.0,0.303281105,0.0,0.0
Psen1,1.1999999999999999e-11,5.28e-07,0.000132132,1.23e-06,-0.37062090700000005,-0.27463781800000003,0.18754210300000002,0.283525207
Abl1,0.011177531000000001,0.013513134,4.64e-12,3.2299999999999994e-09,0.17775527,0.178710245,-0.409971398,-0.40901639700000003
Adipoq,0.7164762640000001,0.00159278,6.8599999999999994e-12,0.000474433,0.0,-1.421691694,4.434645121,2.54850003
Prnp,0.636185083,0.013236308,2.5199999999999992e-185,2.4299999999999993e-117,0.0,-0.37085772899999997,4.794319496,4.57871208
Cflar,4.4e-07,1.78e-07,3.91e-15,8.25e-11,0.329043083,0.34727411799999997,-0.457818623,-0.43958755899999996
Fancc,0.00343026,0.002502622,0.00091843,0.004355562,0.26865317,0.266520796,0.265943473,0.263811132
Itgam,0.010583297,0.004629376,1.4899999999999998e-37,1.27e-16,-0.6759174059999999,-2.138771055,-3.939764085,-5.402616162999999
Prkcd,2.82e-07,0.00018172700000000002,6.7e-12,5.39e-06,0.371264365,0.272152597,0.439721421,0.34060968
Tlr4,0.10766701099999999,7.37e-05,1.7200000000000001e-28,5.829999999999999e-39,0.0,0.763229556,6.390805836,5.798963825
Lonp1,8.02e-06,0.014885143,0.00034370099999999997,1.17e-06,0.220901399,0.13199882699999999,-0.163992274,-0.252894833
Ppp2cb,0.000945267,0.000357279,0.975588482,0.867029365,-0.263211615,-0.28465226600000004,0.0,0.0
1600014C10Rik,0.9654844659999999,0.001220122,8.500000000000001e-10,0.05381962,0.0,0.32627865899999997,-0.526438058,0.0
Sfpq,0.000186007,0.000996739,0.357591814,0.271948389,0.492765666,0.444018653,0.0,0.0
Cpeb2,0.002472004,1.2e-05,0.017659354,0.001082545,0.47540301799999996,0.65421118,0.33905139,0.517859647
Atf4,2.7200000000000002e-08,4.36e-06,0.032977683,0.00849417,0.5541678729999999,0.46995572399999996,-0.205215943,-0.289428027
Mapk9,0.7454115090000001,0.048215885,0.501124937,0.434686765,0.0,0.155245249,0.0,0.0
Pdk1,1.34e-21,8.07e-06,3.9599999999999987e-230,1.0199999999999998e-118,-0.900942881,-0.465621006,-2.7739620080000003,-2.3386400590000003
Aldh3a2,0.24041049,0.003330516,0.050750613,0.9117485820000001,0.0,-0.175185957,0.0,0.0
Pcgf2,5.539999999999999e-05,1.1400000000000001e-05,4.4999999999999987e-132,1.9299999999999994e-116,0.890231839,0.531126456,4.079201915,3.7200965669999997
Hsf1,1.52e-08,0.000110136,0.41011413,0.024657565,0.45606308100000004,0.324145998,0.0,-0.202746161
App,0.581340568,0.040454326,7.07e-25,9.76e-25,0.0,-0.443792147,-1.68667646,-1.995883621
Prdx6,3.8799999999999994e-05,1.32e-05,8.289999999999998e-52,4.72e-40,-0.309738745,-0.34447056299999995,-0.99211344,-1.026845223
Atp7a,0.039282224,0.022640782,3.5499999999999996e-05,0.001157743,0.294349127,0.33624051899999996,-0.506067591,-0.46417611200000003
Txnrd1,0.0010787560000000002,0.008712368,5.13e-13,3.06e-08,-0.245456183,-0.20991418399999998,-0.46609955799999997,-0.430557531
Ddias,0.705024842,0.0070114769999999995,0.010604563000000001,0.999570238,0.0,-0.639978548,0.5192134970000001,0.0
Ccr7,0.00043982300000000005,5.78e-10,6.739999999999996e-214,5.969999999999997e-190,-0.393211976,-0.7026584109999999,-2.985973282,-3.2954196039999997
G6pdx,1.71e-07,0.016800341,0.0032176320000000002,0.978985716,-0.366768361,-0.182429397,-0.188294624,0.0
Prdx5,1.0699999999999999e-10,1.1399999999999999e-11,0.071552879,0.254952745,-0.46561124200000004,-0.48696831100000004,0.0,0.0
Pink1,0.012191791,0.01627429,0.15043531699999999,0.211797067,-0.421716349,-0.40959123700000005,0.0,0.0
Pycr2,0.09345036300000001,0.011582618999999999,0.015449134,0.004825177,0.0,-0.206527307,-0.16960349,-0.235155659
Ide,3.58e-33,1.6999999999999998e-28,1.6899999999999997e-74,4.1099999999999996e-61,-0.64086403,-0.5510580270000001,0.8204827459999999,0.9102887620000001
Arl6ip5,9.120000000000002e-13,3.14e-18,1.3300000000000001e-13,4.53e-15,-0.359110961,-0.445946602,-0.333748106,-0.42058373
Idh1,0.324844767,0.0027921820000000003,0.00011373,3.08e-07,0.0,-0.510082621,-0.511720057,-0.8493488690000001
Ptk2b,7.509999999999998e-05,2.08e-05,3.2599999999999997e-13,5.86e-11,0.227905096,0.244213039,0.365187372,0.381495335
Apex1,1.3e-07,1.04e-05,3.26e-14,1.99e-08,-0.496995251,-0.453050844,-0.63117952,-0.587235071
Psip1,0.939117912,0.011366787,0.001273493,0.778374762,0.0,0.107011527,-0.11681316300000001,0.0
Fos,1.43e-26,2.07e-28,0.750146491,0.560703779,6.011033894,6.238768072,0.0,0.0
Atp2a2,1.22e-05,0.045939919,8.78e-05,0.25881852699999996,0.28605886399999997,0.142368886,0.231944204,0.0
P4hb,1.4400000000000002e-09,3.78e-08,7.170000000000001e-07,2.98e-06,-0.371565896,-0.339545451,0.27329980600000003,0.30532027100000003
Psap,5.92e-17,1.18e-12,4.900000000000001e-16,6.859999999999999e-09,-0.350256036,-0.304692454,-0.306532223,-0.260968628
Cat,2.67e-06,0.001276961,1.49e-13,8.68e-07,-0.351950365,-0.257635691,-0.488685869,-0.394371165
Gpx4,8.19e-07,4.15e-07,0.004634483,0.028404177000000003,-0.468678227,-0.47900051200000004,0.244698074,0.23437582699999998
Plekha1,1.29e-08,2.25e-15,7.780000000000001e-08,0.016674214,0.397705837,0.5576580320000001,-0.346152622,-0.18620039600000002
Txnip,0.598225525,2.07e-06,3.9200000000000004e-05,1.1800000000000002e-19,0.0,-1.014491775,-0.787205369,-1.951817005
Ctnnb1,9.500000000000001e-22,8.3e-06,6.25e-09,0.778374762,-0.42401253,-0.20753655,-0.23462132800000002,0.0
Ndufa6,7.02e-10,7.54e-06,5.11e-17,2.3799999999999998e-08,-0.555113663,-0.427731174,-0.672295877,-0.544913344
Jun,3.7e-43,1.87e-58,0.000415589,0.462226226,5.343262398,6.32211992,-1.3539434909999999,0.0
Sigmar1,5.2899999999999995e-12,6.84e-08,1.41e-26,3.99e-14,-0.517762094,-0.466326725,-0.7118456409999999,-0.660410244
Szt2,5.94e-06,0.000214679,0.535533476,0.973459775,0.40210124399999997,0.337138392,0.0,0.0
Plk3,1.36e-07,1.73e-05,5.619999999999999e-91,2.8299999999999997e-62,0.708054745,0.545294719,2.31346519,2.150705217
Chuk,7.69e-05,8.97e-05,0.011981223999999999,0.03655557,0.268846595,0.271490842,-0.159851501,-0.157207227
Ubqln1,0.006237411,0.038788105,0.002354279,0.05166301,-0.221446062,-0.175872472,-0.216228229,0.0
Sod1,2.36e-05,1.11e-09,0.001282011,0.355555329,-0.363054372,-0.51490939,0.249525585,0.0
Sirpa,0.142070972,0.009618219,0.07638282099999999,0.7710115040000001,0.0,-3.289799588,0.0,0.0
Neil1,0.0077619740000000005,0.026247646,2.9699999999999997e-15,2.63e-10,0.32327560699999996,0.261721417,0.786218857,0.724664717
Psmb5,1.13e-10,1.19e-09,0.28333942,0.55599111,-0.74292225,-0.7161911740000001,0.0,0.0
Eif2s1,4.14e-06,0.011018541000000001,9.42e-18,8.36e-08,-0.307198349,-0.18743488600000002,-0.503069138,-0.383305651
Nono,7.8e-09,4.5600000000000004e-05,1.55e-05,0.0395574,-0.188293105,-0.138070998,-0.127395714,-0.07717360000000001
Egln1,0.0006994039999999999,0.018262393999999998,0.083863547,0.577136349,-0.312035605,-0.22908795,0.0,0.0
Hyal2,1.29e-07,4.8899999999999996e-05,1.35e-08,3.17e-09,-0.906561883,-0.6136558910000001,0.749280272,1.042186316
Nnt,4.15e-15,1.33e-33,0.601257424,2.8899999999999998e-05,0.565606677,0.8315528329999999,0.0,0.309386413
Zc3h12a,0.001927434,3.4399999999999996e-05,2.5499999999999997e-13,4.74e-13,0.31964970000000004,0.400625636,0.635247812,0.716223789
Stk26,0.0018682710000000001,0.011531481000000001,0.064705361,0.30638335699999997,-0.174406285,-0.146912307,0.0,0.0
Ndufa12,0.016812852,0.03102747,0.368917373,0.362092727,-0.294128932,-0.265121155,0.0,0.0
Mutyh,1.92e-07,0.001645639,2.78e-05,7.07e-08,0.58737394,0.40578005,-0.46550882,-0.647102646
Pyroxd1,0.000883982,1.02e-06,0.030737716,0.001178887,0.298505191,0.413354257,0.17912772300000002,0.293976821
Glrx,0.00047510300000000005,3.8600000000000003e-29,5.749999999999999e-73,0.26476165100000004,0.405490312,-1.140326585,1.69447589,0.0
Keap1,0.173785715,0.00011741,9e-08,5.12e-12,0.0,-0.251850562,-0.29585605,-0.450614523
Arnt,0.000114399,1.5399999999999998e-05,0.502483461,0.33467898,0.26300385800000003,0.293648195,0.0,0.0
Rwdd1,0.001647419,4.05e-05,0.666671639,0.24666141600000002,-0.286983275,-0.37337419,0.0,0.0
Tnfaip3,6.670000000000001e-05,2.6000000000000002e-05,0.015449134,0.02250827,1.519538088,1.614170191,0.858624123,0.953257177
Zfp622,0.07183932900000001,0.038238786000000004,6.45e-11,5.720000000000001e-09,0.0,-0.207013057,-0.515777306,-0.546232993
Anxa1,0.055383950999999994,0.00014159,7.520000000000001e-07,0.019067155,0.0,-2.664664263,3.160031495,3.511123475
Msra,3.77e-05,9.99e-06,0.68995442,0.563353708,-0.463170344,-0.502104648,0.0,0.0
Casp3,0.023325946,5.16e-05,2.9599999999999987e-220,1.3699999999999992e-141,-0.27817551100000004,-0.33313059899999997,2.617793501,2.562838434
Slc11a2,0.09525861699999999,0.001109296,0.013043378999999999,0.000368524,0.0,0.23115953600000003,0.161883141,0.261953616
Arntl,0.000432099,0.010999513999999998,1.6799999999999997e-40,7.12e-26,0.330429588,0.22984749899999998,1.034645124,0.9340630670000001
Stk25,4.04e-12,7.87e-06,0.990390263,0.042187305999999994,0.568024545,0.37925223,0.0,-0.19003307
Hp,0.29626759399999997,0.027840272000000003,0.16770234,1.0,0.0,-4.488454855,0.0,0.0
Ggt7,4.13e-05,6.64e-07,5.089999999999998e-177,4.269999999999999e-146,0.5557856179999999,0.408314632,2.8764495360000004,2.7289785810000002
Endog,0.000270912,0.001295619,2.79e-06,0.000423945,-0.551419344,-0.547872124,-0.617643714,-0.614096411
Gpx1,5.97e-17,2.88e-17,1.1099999999999999e-15,2.95e-12,-0.6882374109999999,-0.719091713,-0.5932290170000001,-0.624083281
Foxp1,0.088264131,0.000328216,5.479999999999998e-184,1.4999999999999996e-117,0.0,0.187265412,-1.2297381109999999,-1.133442146
Mpo,0.385399882,0.025303846,0.39049327899999997,0.694276032,0.0,-4.478015438,0.0,0.0
Ndufs8,3.57e-10,1.21e-09,0.006454856,0.016090496,-0.578606304,-0.552804568,0.22627708300000002,0.252078853
Akt1,5.01e-06,1.3400000000000001e-08,0.045697104,0.539956572,-0.278842085,-0.34487183200000004,0.11482604699999999,0.0
Kdm6b,0.08674534099999999,0.001136702,0.063638889,0.002604547,0.0,0.302073969,0.0,0.290727315
Xrcc1,0.00145543,0.000764237,0.509094914,0.7067568940000001,0.21003491300000002,0.222886353,0.0,0.0
Ppargc1b,2.81e-12,5.07e-09,0.7043463520000001,0.218851765,0.945686195,0.8103949840000001,0.0,0.0
Xpa,0.006540855,0.005703408,0.30330122800000003,0.434071311,0.27101544,0.279998173,0.0,0.0
Sirt3,0.134116403,0.014444713999999999,0.007996900999999999,0.00215836,0.0,0.406619492,0.41410822799999997,0.529232334
Zfp277,2.1e-05,0.0009375319999999999,9.159999999999999e-15,1.6100000000000002e-08,-0.345446653,-0.297419836,-0.551299181,-0.503272333
Cfl1,9.070000000000001e-15,6.01e-16,4.7199999999999996e-30,2.68e-24,-0.41606526200000005,-0.439158779,-0.54731022,-0.5704037160000001
Gclc,0.0006613789999999999,0.011630415,5.32e-08,6.83e-08,0.24371137,0.19361551100000002,-0.345730625,-0.395826457
Prdx1,6.59e-47,2.26e-49,3.94e-06,0.000388803,-0.854845939,-0.863525573,0.24846922100000002,0.239789604
Itgav,0.516593078,0.018841591,6.009999999999998e-81,2.849999999999999e-73,0.0,0.31871363,2.13279788,2.339764992
Impact,1.8e-21,1.8000000000000002e-13,6.909999999999998e-51,1.7399999999999998e-27,0.7201984920000001,0.502121171,1.003654727,0.785577431
Srxn1,0.73656424,4.01e-05,6.579999999999999e-41,1.6200000000000002e-20,0.0,-0.662048496,8.185105672999999,8.062817615
Prkca,0.166045025,0.03325928,2.2899999999999996e-123,3.349999999999999e-130,0.0,0.21860793399999998,1.954444375,2.3287057
Atox1,5.58e-10,1.9e-09,0.9612668320000001,0.8933340879999999,-0.7089151,-0.691821902,0.0,0.0
Prdx3,2.4700000000000002e-29,2.81e-17,5.1e-09,0.021336644,-0.681327812,-0.533375684,-0.316067411,-0.168115265
Myef2,1.6e-17,9.15e-12,3.3e-07,0.006431546999999999,0.6994582709999999,0.547453605,0.39161089,0.239606257
Melk,0.029731179,0.049349659000000004,5.21e-12,1.99e-08,-1.414723278,-0.8019535109999999,2.5954940619999998,3.208262962
Cdkn2a,1.0,0.002424547,1.82e-08,0.005981364,0.0,-2.4550540119999997,6.680610695,4.1791544830000005
Ercc6,7.97e-11,3.25e-11,0.001324237,0.011710739,0.5549815570000001,0.576732578,-0.26092431899999996,-0.239173252
